episode,intrinsic_contribution,td_abs_mean,learn_calls,gate_advance,gate_neutral,gate_proxy,allowed_intrinsic,suppressed_intrinsic,proxy_penalty_total,proxy_penalty_count
1,2.993187420909241,0.2398468256727153,102,6,96,0,2.993187420909241,38.708377943268474,0.0,0
2,2.9654414819006085,0.28471796245951403,95,6,89,0,2.9654414819006085,31.636236616502742,0.0,0
3,2.919351549058307,0.26734911845150316,88,6,82,0,2.919351549058307,29.38104597252216,0.0,0
4,2.8621471303148076,0.2336829095786693,102,6,96,0,2.8621471303148076,28.7107200750191,0.0,0
5,2.798207907415181,0.2312562014831572,98,6,92,0,2.798207907415181,30.075612820080625,0.0,0
6,2.7294768817242843,0.20476456797785228,90,6,84,0,2.7294768817242843,26.27485456713362,0.0,0
7,2.658621887458727,0.2128844188319312,90,6,84,0,2.658621887458727,25.13715815785813,0.0,0
8,2.58773338958859,0.19675542537000154,91,6,85,0,2.58773338958859,24.64327104722719,0.0,0
9,2.519846793254009,0.20420282031153583,91,6,85,0,2.519846793254009,23.677172201116008,0.0,0
10,2.4561620085385196,0.17995178692188918,102,6,96,0,2.4561620085385196,22.509179958221143,0.0,0
11,2.3966912356858656,0.22861863840736596,102,6,96,0,2.3966912356858656,22.78544326473115,0.0,0
12,2.3403905531524294,0.2184022023257884,88,6,82,0,2.3403905531524294,20.72012885014738,0.0,0
13,2.2871916146268028,0.18561473240454993,96,6,90,0,2.2871916146268028,20.46059104107801,0.0,0
14,2.2357995379689504,0.1867051931179088,92,6,86,0,2.2357995379689504,20.41778847907688,0.0,0
15,2.1877808888595687,0.17751017514438855,168,6,162,0,2.1877808888595687,24.294289435880618,0.0,0
16,1.7877648742563692,0.17845484015086424,276,5,54,217,1.7877648742563692,34.48553505440631,0.0,0
17,2.107195045202251,0.1645903651687232,88,6,82,0,2.107195045202251,18.272760601334703,0.0,0
18,2.0657698446342043,0.1637621111339993,90,6,84,0,2.0657698446342043,18.25137694851464,0.0,0
19,2.025980138991662,0.19999800974063658,89,6,83,0,2.025980138991662,17.785437331945317,0.0,0
20,1.9884665957009775,0.19456886667488277,276,6,270,0,1.9884665957009775,36.74160692308014,0.0,0
21,1.9532197725115796,0.15284123709521344,97,6,91,0,1.9532197725115796,17.29483501902077,0.0,0
22,1.9203303360770339,0.15015541418802505,102,6,96,0,1.9203303360770339,16.897191256933716,0.0,0
23,1.8890975803576495,0.14568235469050705,96,6,90,0,1.8890975803576495,16.429331980969312,0.0,0
24,1.8593382973525665,0.13470766601571138,276,6,270,0,1.8593382973525665,21.517907100607452,0.0,0
25,1.8314062807656832,0.1476027178121548,102,6,96,0,1.8314062807656832,16.857816374076926,0.0,0
26,1.80449198731672,0.19706371332100336,276,6,270,0,1.80449198731672,20.34534322027042,0.0,0
27,1.7790505180815865,0.16954858114524762,98,6,92,0,1.7790505180815865,18.698644861068765,0.0,0
28,1.7542924487583818,0.13796956340471903,96,6,90,0,1.7542924487583818,15.032410490668946,0.0,0
29,1.7295777692254624,0.1355481084722739,91,6,85,0,1.7295777692254624,15.219794259392108,0.0,0
30,1.7055908456153817,0.12433369869055848,96,6,90,0,1.7055908456153817,14.583402914471414,0.0,0
31,1.6827072852342941,0.12553001256013402,98,6,92,0,1.6827072852342941,17.714901209449113,0.0,0
32,1.6605834095355083,0.12562563131545104,102,6,96,0,1.6605834095355083,15.361607056367529,0.0,0
33,1.638198652801243,0.12272650831275517,90,6,84,0,1.638198652801243,14.193180626394366,0.0,0
34,1.6161844236370824,0.18721745605917944,276,6,270,0,1.6161844236370824,19.155650409996298,0.0,0
35,1.5944669691204512,0.15321591665798967,88,6,82,0,1.5944669691204512,13.418445206628592,0.0,0
36,1.5727910501434164,0.13648318843199655,117,6,111,0,1.5727910501434164,16.834903790828047,0.0,0
37,1.5513849201980385,0.1416866718015323,96,6,90,0,1.5513849201980385,13.136442097023572,0.0,0
38,1.5301884906839036,0.15834907963148598,103,6,97,0,1.5301884906839036,14.607791456484565,0.0,0
39,1.5092715846150677,0.12785908890267214,276,6,270,0,1.5092715846150677,17.82011955538636,0.0,0
40,1.4884903749626357,0.1294172201858889,101,6,95,0,1.4884903749626357,13.074705464773249,0.0,0
41,1.4680804479130107,0.2344389220630681,135,6,129,0,1.4680804479130107,13.666187477813477,0.0,0
42,1.4477671181471923,0.17748590931296349,90,6,84,0,1.4477671181471923,12.468129724286298,0.0,0
43,1.4278113182668446,0.1515982496266318,101,6,95,0,1.4278113182668446,12.707791425944112,0.0,0
44,1.4087070551273637,0.13974293533201312,102,6,96,0,1.4087070551273637,13.301962153191429,0.0,0
45,1.3900628255381053,0.13809987314153407,276,6,270,0,1.3900628255381053,16.98131803865925,0.0,0
46,1.3718931712504723,0.1450011831792918,88,6,82,0,1.3718931712504723,11.695590296145262,0.0,0
47,1.3542068889768553,0.15241969622455645,276,6,270,0,1.3542068889768553,27.410661277940868,0.0,0
48,1.3369004252675087,0.18631469441876228,181,6,175,0,1.3369004252675087,17.269015863841098,0.0,0
49,1.3207926575438678,0.16127727880161635,98,6,92,0,1.3207926575438678,14.8499484152785,0.0,0
50,1.3050731382319563,0.1362609858941106,103,6,97,0,1.3050731382319563,11.68421424483262,0.0,0
51,1.289569697701887,0.12944916324628578,91,6,85,0,1.289569697701887,11.539919057776846,0.0,0
52,1.2744441986191402,0.13243089765310287,90,6,84,0,1.2744441986191402,11.307331222011069,0.0,0
53,1.2597154136183406,0.11947807538640368,91,6,85,0,1.2597154136183406,11.348194332464791,0.0,0
54,1.2453872992127024,0.1347663359509574,90,6,84,0,1.2453872992127024,11.108447494734873,0.0,0
55,1.231608621740191,0.15935601126672566,276,6,270,0,1.231608621740191,17.008490201913332,0.0,0
56,1.218323521062099,0.1969242166219787,88,6,82,0,1.218323521062099,10.646435750530907,0.0,0
57,1.2054140152347246,0.14854052044667196,276,6,270,0,1.2054140152347246,16.083545112545124,0.0,0
58,1.1927955301563138,0.14677236825227738,90,6,84,0,1.1927955301563138,10.656159885508908,0.0,0
59,1.0064445753858242,0.1329557724243057,276,5,271,0,1.0064445753858242,37.93892397523457,0.0,0
60,1.174158824982834,0.16435736077635185,276,6,270,0,1.174158824982834,15.853763784810592,0.0,0
61,1.162997574929313,0.18394557109066084,102,6,96,0,1.162997574929313,10.66537912292224,0.0,0
62,1.1520589901621023,0.17978440978648988,88,6,82,0,1.1520589901621023,10.233745464827823,0.0,0
63,1.141357335307784,0.1480817528900461,276,6,270,0,1.141357335307784,15.258572647853216,0.0,0
64,1.1308485346931076,0.1253499319352726,101,6,95,0,1.1308485346931076,10.779210326584849,0.0,0
65,1.120986305297304,0.11280537637717583,102,6,96,0,1.120986305297304,11.508832111614337,0.0,0
66,1.1113108294993426,0.14435568775819696,276,6,270,0,1.1113108294993426,15.293311382987854,0.0,0
67,1.1021676876144988,0.1852577086268128,276,6,270,0,1.1021676876144988,16.432237955394,0.0,0
68,1.093922611503352,0.1526067773906552,98,6,92,0,1.093922611503352,12.860667543656392,0.0,0
69,1.0858027451009407,0.13197649748701798,95,6,89,0,1.0858027451009407,9.994896202836742,0.0,0
70,1.0776901039550786,0.12979440981208687,101,6,95,0,1.0776901039550786,10.379882399810645,0.0,0
71,1.0697147964364255,0.12246563488050648,276,6,270,0,1.0697147964364255,19.923182443346608,0.0,0
72,1.0618479755539965,0.1269323632121086,90,6,84,0,1.0618479755539965,9.753201818059432,0.0,0
73,1.054191702242901,0.17586938561736673,276,6,270,0,1.054191702242901,14.347005146079116,0.0,0
74,1.046740097317627,0.12586123650164707,276,6,270,0,1.046740097317627,14.261529491019868,0.0,0
75,1.0397693844463767,0.12173068364137325,276,6,270,0,1.0397693844463767,16.889095104779596,0.0,0
76,1.032964413102998,0.12342365034947209,102,6,96,0,1.032964413102998,9.794359743973844,0.0,0
77,1.0266486454967454,0.11826945636786666,102,6,96,0,1.0266486454967454,10.583780797837914,0.0,0
78,1.0206574701008875,0.18193778311968714,276,6,270,0,1.0206574701008875,20.963516758135718,0.0,0
79,1.0154013184974562,0.13687851827363579,98,6,92,0,1.0154013184974562,12.078180698963243,0.0,0
80,1.010059946683126,0.12858306972140615,88,6,82,0,1.010059946683126,9.318929626099319,0.0,0
81,1.0047260247764687,0.12932501886697376,102,6,96,0,1.0047260247764687,9.697206894432002,0.0,0
82,0.9997348553663017,0.11665743954625785,102,6,96,0,0.9997348553663017,10.333022323382478,0.0,0
83,0.9947096568977285,0.11011858675898849,276,6,239,31,0.9947096568977285,22.37911237348388,0.0,0
84,0.989656160134483,0.1661435433632725,91,6,85,0,0.989656160134483,9.481914794353395,0.0,0
85,0.9853169844866195,0.21058915008087548,98,6,92,0,0.9853169844866195,11.52187449003928,0.0,0
86,0.9811361617364823,0.1563770549668782,276,6,270,0,0.9811361617364823,14.781939850685843,0.0,0
87,0.9768809042353224,0.1487623656479021,96,6,90,0,0.9768809042353224,9.14318524052204,0.0,0
88,0.9726371986028644,0.14449942536571975,93,6,87,0,0.9726371986028644,9.040731964692045,0.0,0
89,0.9686202934596031,0.11919855145548565,276,6,270,0,0.9686202934596031,14.371796261468544,0.0,0
90,0.8606484953226645,0.16698031923801138,276,5,54,217,0.8606484953226645,14.86717306405871,0.0,0
91,0.9615871277351724,0.14884800281451674,98,6,92,0,0.9615871277351724,11.042514959742997,0.0,0
92,0.9585453357646323,0.13010922431641694,98,6,92,0,0.9585453357646323,10.916646080762535,0.0,0
93,0.9553344423277588,0.12063688645814208,276,6,270,0,0.9553344423277588,17.5066770590118,0.0,0
94,0.9520184835933533,0.13091108151644038,276,6,270,0,0.9520184835933533,24.93791204538665,0.0,0
95,0.949135467407612,0.11298864129550602,98,6,92,0,0.949135467407612,10.78096370804139,0.0,0
96,0.9461394697014563,0.17242034440995127,276,6,270,0,0.9461394697014563,14.998860786805606,0.0,0
97,0.9430697856173356,0.12565864428229953,276,6,270,0,0.9430697856173356,13.563780336254625,0.0,0
98,0.9399551107131633,0.11233049736398718,276,6,270,0,0.9399551107131633,14.811008325903416,0.0,0
99,0.9286287327593511,0.10722436230968345,88,6,82,0,0.9286287327593511,8.700059445152936,0.0,0
100,0.9265628801316868,0.12068297967992046,88,6,82,0,0.9265628801316868,8.666841438932849,0.0,0
101,0.9244739828707705,0.20142042782961153,102,6,96,0,0.9244739828707705,9.569701564223898,0.0,0
102,0.9221868350506492,0.15355070928732553,276,6,270,0,0.9221868350506492,13.718322003298987,0.0,0
103,0.9197465561946949,0.12528657902410065,276,6,270,0,0.9197465561946949,13.623907247242954,0.0,0
104,0.9171688000481886,0.11147727855089781,276,6,270,0,0.9171688000481886,13.81094157116151,0.0,0
105,0.9144698022210215,0.17436317710772806,276,6,270,0,0.9144698022210215,13.187877998006279,0.0,0
106,0.9118074153150839,0.13008223444331382,276,6,270,0,0.9118074153150839,14.12632210304937,0.0,0
107,0.9089851767638365,0.10902988329366013,91,6,85,0,0.9089851767638365,8.956275678476523,0.0,0
108,0.9061018449770886,0.10277924219182893,102,6,96,0,0.9061018449770886,8.996260718056822,0.0,0
109,0.9031238025642601,0.10341998064281917,101,6,95,0,0.9031238025642601,9.10574725506809,0.0,0
110,0.9000489773848259,0.1059163456161817,90,6,84,0,0.9000489773848259,8.547438221835817,0.0,0
111,0.897116300836892,0.15524040832035785,276,6,226,44,0.897116300836892,27.8003806833316,0.0,0
112,0.8941278752316242,0.15426143267276612,88,6,82,0,0.8941278752316242,8.407438885105993,0.0,0
113,0.891170952782302,0.13432485515288278,102,6,96,0,0.891170952782302,8.850621817571351,0.0,0
114,0.8883754672207722,0.11101897349716097,276,6,270,0,0.8883754672207722,13.412805407721837,0.0,0
115,0.8856768320907208,0.09772397348306318,276,6,270,0,0.8856768320907208,17.190870830669176,0.0,0
116,0.8828635375922143,0.1559567722235469,276,6,270,0,0.8828635375922143,13.281799054077926,0.0,0
117,0.8802615910953729,0.12622511313985224,276,6,270,0,0.8802615910953729,13.026574159394816,0.0,0
118,0.877587594276865,0.11590443560006944,88,6,82,0,0.877587594276865,8.123349706444044,0.0,0
119,0.875056867934021,0.11186345111505658,102,6,96,0,0.875056867934021,8.92050348236577,0.0,0
120,0.8723814616107247,0.11047762831052145,90,6,84,0,0.8723814616107247,8.237951717408787,0.0,0
121,0.8696042724659986,0.10591537259764723,91,6,85,0,0.8696042724659986,8.417914285155838,0.0,0
122,0.8668046345377521,0.13698772778329643,276,6,270,0,0.8668046345377521,13.031598259859646,0.0,0
123,0.8639753567061741,0.1408129922937656,276,6,270,0,0.8639753567061741,13.726144459757144,0.0,0
124,0.859441419736536,0.12745604014927797,101,6,95,0,0.859441419736536,8.568208301186425,0.0,0
125,0.8568682925181279,0.10920425729515652,96,6,90,0,0.8568682925181279,8.155598023028794,0.0,0
126,0.8548475237978642,0.10745965005183707,98,6,92,0,0.8548475237978642,9.787319299750608,0.0,0
127,0.852709026516422,0.10256498020844183,276,6,270,0,0.852709026516422,13.276347824155778,0.0,0
128,0.850478351931729,0.16732112914863703,276,6,270,0,0.850478351931729,12.609200993726983,0.0,0
129,0.8482449802644295,0.13548818992620165,88,6,82,0,0.8482449802644295,7.754818455574258,0.0,0
130,0.8460081028215108,0.11708926536358785,276,6,270,0,0.8460081028215108,12.133944370501002,0.0,0
131,0.8437676434099074,0.10957109058896701,96,6,90,0,0.8437676434099074,8.024562233752196,0.0,0
132,0.8415240768104756,0.10248583415523171,96,6,90,0,0.8415240768104756,7.99390056245787,0.0,0
133,0.8392311527174385,0.10363243536816703,90,6,84,0,0.8392311527174385,7.886358980647189,0.0,0
134,0.8371610737534467,0.11631179301469934,102,6,96,0,0.8371610737534467,8.464022798710806,0.0,0
135,0.8350232293773204,0.15887577537501205,276,6,270,0,0.8350232293773204,13.110362709070676,0.0,0
136,0.8270056883935366,0.11935061953134007,90,6,84,0,0.8270056883935366,7.838259824700675,0.0,0
137,0.8255941668823463,0.1122785579899083,276,6,270,0,0.8255941668823463,16.649171923983182,0.0,0
138,0.7728201027907686,0.1019060092375559,102,6,96,0,0.7728201027907686,8.031991819333578,0.0,0
139,0.773707274570809,0.09873741795308888,96,6,90,0,0.773707274570809,7.823279666223783,0.0,0
140,0.7746729051907492,0.12398340210210586,276,6,270,0,0.7746729051907492,16.866376058278927,0.0,0
141,0.7757013091288516,0.13059646215127863,276,6,270,0,0.7757013091288516,12.439210525476458,0.0,0
142,0.7767076486850629,0.10830715981622537,276,6,270,0,0.7767076486850629,12.388978047619299,0.0,0
143,0.7776924657854525,0.10954616197209427,276,6,270,0,0.7776924657854525,41.764607964771955,0.0,0
144,0.7786118325623277,0.09642922893019006,101,6,95,0,0.7786118325623277,8.05654225900383,0.0,0
145,0.779476900048188,0.1605062824336515,276,6,270,0,0.779476900048188,13.43285413083125,0.0,0
146,0.78023047231219,0.1300981110168828,90,6,84,0,0.78023047231219,7.576056033557956,0.0,0
147,0.7809611378381146,0.11907787095097934,102,6,96,0,0.7809611378381146,8.12708216898174,0.0,0
148,0.7815842490893875,0.10471346890688807,276,6,270,0,0.7815842490893875,15.896198089249248,0.0,0
149,0.7820884276176135,0.10168109553447668,276,6,270,0,0.7820884276176135,11.818316273509138,0.0,0
150,0.782480222289009,0.1887893348466605,96,6,90,0,0.782480222289009,7.444585794209816,0.0,0
151,0.782738613370024,0.12830604242997756,276,6,270,0,0.782738613370024,11.820655726886843,0.0,0
152,0.7828227879314537,0.10777292843207274,101,6,95,0,0.7828227879314537,7.702344697911655,0.0,0
153,0.7827154578966502,0.0998910713461366,101,6,95,0,0.7827154578966502,7.65306031125272,0.0,0
154,0.7824224709825514,0.09460668181153861,88,6,82,0,0.7824224709825514,7.07355054159816,0.0,0
155,0.7819284835822325,0.09617268107831478,88,6,82,0,0.7819284835822325,7.062949966184424,0.0,0
156,0.7813621904565469,0.09640170933277,102,6,96,0,0.7813621904565469,7.817985908988036,0.0,0
157,0.7805259921485732,0.09021336374183496,90,6,84,0,0.7805259921485732,7.249999338741822,0.0,0
158,0.779455815812114,0.14432411049695118,276,6,270,0,0.779455815812114,14.622959255926272,0.0,0
159,0.7781870434229728,0.10818037980546553,276,6,270,0,0.7781870434229728,11.721944342076293,0.0,0
160,0.7767333329786584,0.09358908882553595,276,6,270,0,0.7767333329786584,13.732430523735,0.0,0
161,0.775069308651343,0.0888628013595775,91,6,85,0,0.775069308651343,7.274151542378856,0.0,0
162,0.7732806621364965,0.08338767078451136,88,6,82,0,0.7732806621364965,6.9568778633866915,0.0,0
163,0.7713198376813317,0.14536188940207165,90,6,84,0,0.7713198376813317,7.147558671248119,0.0,0
164,0.7692506961401031,0.161084144460884,88,6,82,0,0.7692506961401031,6.897086734903746,0.0,0
165,0.7670409914659807,0.13289162599378163,90,6,84,0,0.7670409914659807,7.091517880648295,0.0,0
166,0.7647753493765156,0.11831018204490344,102,6,96,0,0.7647753493765156,7.2840393865548725,0.0,0
167,0.7624380507077225,0.10339060153110304,276,6,270,0,0.7624380507077225,21.678135418050864,0.0,0
168,0.7601078469899314,0.09564500227840482,276,6,270,0,0.7601078469899314,20.367163403673302,0.0,0
169,0.7576931650921122,0.0887745225267245,101,6,95,0,0.7576931650921122,7.2517125055974505,0.0,0
170,0.7553220673490532,0.184349440630864,88,6,82,0,0.7553220673490532,6.707946036130597,0.0,0
171,0.7529172865048116,0.14995091924951834,88,6,82,0,0.7529172865048116,6.702374837437596,0.0,0
172,0.7504917325620045,0.11644308223132638,276,6,270,0,0.7504917325620045,11.969403659665193,0.0,0
173,0.7480943238672362,0.09084042412755282,276,6,270,0,0.7480943238672362,12.973419177692872,0.0,0
174,0.7463320331471188,0.08852138834036126,98,6,92,0,0.7463320331471188,8.790471101721472,0.0,0
175,0.7444772252684185,0.08923344250599091,88,6,82,0,0.7444772252684185,6.7017364053888455,0.0,0
176,0.7424784937450847,0.08626198292606407,90,6,84,0,0.7424784937450847,6.913355000501388,0.0,0
177,0.7404179906802043,0.18049538330071502,90,6,84,0,0.7404179906802043,6.895923737192921,0.0,0
178,0.7389579897807331,0.17108366091032418,98,6,92,0,0.7389579897807331,8.625975064970318,0.0,0
179,0.737333134662299,0.13396898847487237,90,6,84,0,0.737333134662299,6.883379728671895,0.0,0
180,0.7355859859050472,0.11012976473548274,276,6,270,0,0.7355859859050472,15.69769186453448,0.0,0
181,0.6880353493761308,0.09465693168180145,276,6,270,0,0.6880353493761308,13.30261534771106,0.0,0
182,0.6892850271424716,0.11953285038201274,276,6,270,0,0.6892850271424716,10.998612762301924,0.0,0
183,0.6906103062805465,0.13796517089940608,96,6,90,0,0.6906103062805465,6.956843342942526,0.0,0
184,0.6920019772806681,0.11276037034158613,102,6,96,0,0.6920019772806681,7.401910924544792,0.0,0
185,0.6933419112188065,0.10954140822638522,91,6,85,0,0.6933419112188065,6.938346866474937,0.0,0
186,0.6946260086049902,0.09939926986893018,276,6,270,0,0.6946260086049902,14.143102458218701,0.0,0
187,0.6777533252224761,0.09335110048678788,88,6,82,0,0.6777533252224761,6.605246287481622,0.0,0
188,0.6793334588115357,0.10267671015189618,98,6,92,0,0.6793334588115357,8.3505820629543,0.0,0
189,0.6809326294663346,0.1288535563086254,276,6,270,0,0.6809326294663346,12.106475062072992,0.0,0
190,0.6740071228520419,0.13511785024813577,102,6,96,0,0.6740071228520419,7.008263865073454,0.0,0
191,0.6755264069867635,0.11167147045658118,276,6,270,0,0.6755264069867635,11.579052523533857,0.0,0
192,0.6771145059873444,0.09658798136734877,276,6,270,0,0.6771145059873444,11.917599647092073,0.0,0
193,0.6653382282020239,0.09470381462337947,101,6,95,0,0.6653382282020239,7.1430895607740155,0.0,0
194,0.6383889048093395,0.13581409895171723,276,5,271,0,0.6383889048093395,15.835718586882644,0.0,0
195,0.6371884506879193,0.12552162599952324,276,5,271,0,0.6371884506879193,23.346156963534042,0.0,0
196,0.6641952034223966,0.10977024394694877,276,6,270,0,0.6641952034223966,10.594370835533274,0.0,0
197,0.6656994973352636,0.09370195533276773,102,6,96,0,0.6656994973352636,7.087421383985781,0.0,0
198,0.6673447901855234,0.1178136644480021,276,6,270,0,0.6673447901855234,10.270349182621812,0.0,0
199,0.6693838667232505,0.13877469993063382,98,6,92,0,0.6693838667232505,8.125732224871502,0.0,0
200,0.671426993124937,0.10727673235603354,88,6,82,0,0.671426993124937,6.374891481386412,0.0,0
201,0.6311844193410849,0.10625414005008296,276,5,271,0,0.6311844193410849,11.97823917913243,0.0,0
202,0.6302976534490223,0.09161422027787869,276,5,271,0,0.6302976534490223,9.938965886900311,0.0,0
203,0.6715478351715255,0.08613680019089491,101,6,95,0,0.6715478351715255,6.766552064414823,0.0,0
204,0.6734423434071497,0.12642068784360005,276,6,270,0,0.6734423434071497,10.369880541469447,0.0,0
205,0.6752153585434315,0.11751506573492938,101,6,95,0,0.6752153585434315,6.735820816732708,0.0,0
206,0.676880288201206,0.09974100083058728,276,6,270,0,0.676880288201206,10.442499085514068,0.0,0
207,0.6255272281155466,0.09286076328514711,276,5,271,0,0.6255272281155466,10.58356973903254,0.0,0
208,0.6773098930318682,0.11529786752509898,276,6,270,0,0.6773098930318682,10.13030586346023,0.0,0
209,0.6785540031608891,0.1130632189358922,276,6,270,0,0.6785540031608891,14.157760035707028,0.0,0
210,0.6795512912037739,0.09839635841887105,88,6,82,0,0.6795512912037739,6.146331367123926,0.0,0
211,0.6802824568059436,0.09151420911604707,88,6,82,0,0.6802824568059436,6.134230694816168,0.0,0
212,0.6807168855599574,0.09302831227904644,276,6,270,0,0.6807168855599574,10.221740875762833,0.0,0
213,0.6808476290859856,0.11950765373320252,276,6,270,0,0.6808476290859856,9.93608572134653,0.0,0
214,0.6807026432121943,0.11502623589088519,96,6,90,0,0.6807026432121943,6.383170429764105,0.0,0
215,0.6804704157782281,0.09920279784263045,276,6,270,0,0.6804704157782281,12.289766057349574,0.0,0
216,0.6152968586234379,0.09040154384422129,276,5,271,0,0.6152968586234379,11.653768078805728,0.0,0
217,0.6786371492560015,0.10021892609749583,276,6,270,0,0.6786371492560015,10.366746269778822,0.0,0
218,0.6778925964372122,0.12521584044125947,88,6,82,0,0.6778925964372122,6.018244072134465,0.0,0
219,0.6769064933769692,0.10820495350745277,276,6,270,0,0.6769064933769692,13.643602082688444,0.0,0
220,0.6759970720226546,0.08930371308942205,276,6,270,0,0.6759970720226546,10.492272948710404,0.0,0
221,0.6759963005640162,0.08796291907920557,102,6,96,0,0.6759963005640162,6.6114122168190255,0.0,0
222,0.6075657011004971,0.10879779661047285,276,5,226,45,0.6075657011004971,25.325023331009184,0.0,0
223,0.6062855389569856,0.11580974753082231,276,5,271,0,0.6062855389569856,21.517319331838245,0.0,0
224,0.6726137872914544,0.10277197187145551,90,6,84,0,0.6726137872914544,6.16979937314039,0.0,0
225,0.6714817561268333,0.09380720744746318,276,6,270,0,0.6714817561268333,10.378686211244613,0.0,0
226,0.6700687110170875,0.08833819878573465,101,6,95,0,0.6700687110170875,6.4354697170172,0.0,0
227,0.6684965154557343,0.09159276959034476,101,6,95,0,0.6684965154557343,6.416553695819324,0.0,0
228,0.6668608145263826,0.12029678388026313,276,6,270,0,0.6668608145263826,10.41638419148047,0.0,0
229,0.665171017313345,0.10931296033991708,90,6,84,0,0.665171017313345,6.107052289452737,0.0,0
230,0.597567052724014,0.09423651791893053,276,5,271,0,0.597567052724014,20.442093245271803,0.0,0
231,0.6622474565475649,0.09960161599487362,101,6,95,0,0.6622474565475649,6.4009595859609405,0.0,0
232,0.6605506718214941,0.09198783126160287,276,6,270,0,0.6605506718214941,12.431270775502488,0.0,0
233,0.6589404031196969,0.12065383594702273,102,6,96,0,0.6589404031196969,6.219836245499882,0.0,0
234,0.6568317745420204,0.13398320581948403,101,6,95,0,0.6568317745420204,6.35190243302245,0.0,0
235,0.6551553094202993,0.11483290148716346,102,6,96,0,0.6551553094202993,6.40997632050283,0.0,0
236,0.591249842470974,0.09937374619092199,276,5,271,0,0.591249842470974,13.167816278147995,0.0,0
237,0.5903566201484136,0.0928757837501125,276,5,271,0,0.5903566201484136,9.66332152705434,0.0,0
238,0.6520101607253852,0.08833120449208746,102,6,96,0,0.6520101607253852,6.28411789951418,0.0,0
239,0.650818413915356,0.08561636713178207,96,6,90,0,0.650818413915356,5.917746478352491,0.0,0
240,0.6496610538587219,0.13970701498064128,88,6,82,0,0.6496610538587219,5.7118999656034,0.0,0
241,0.6485351134768422,0.11778741639734495,101,6,95,0,0.6485351134768422,6.164238438781553,0.0,0
242,0.5864544590695028,0.10228967105132947,276,5,239,32,0.5864544590695028,12.103246950947518,0.0,0
243,0.647034212825185,0.09507602088007272,102,6,96,0,0.647034212825185,6.248277269746337,0.0,0
244,0.64627872218824,0.09998821645664673,96,6,90,0,0.64627872218824,5.901776986966743,0.0,0
245,0.6454756846087377,0.08850796384238961,101,6,95,0,0.6454756846087377,6.144279453161921,0.0,0
246,0.6449837438010864,0.08896748056890917,102,6,96,0,0.6449837438010864,6.231372696940997,0.0,0
247,0.6444042764248771,0.08748194882098366,102,6,96,0,0.6444042764248771,6.03271840381843,0.0,0
248,0.6442997846597275,0.12038974338496218,98,6,92,0,0.6442997846597275,7.240188467738556,0.0,0
249,0.6439941265412781,0.10863380954749342,276,6,270,0,0.6439941265412781,12.835307820327428,0.0,0
250,0.6435291886807566,0.09507028894849877,276,6,270,0,0.6435291886807566,12.343477680184867,0.0,0
251,0.5811301581260139,0.08458600210808757,276,5,271,0,0.5811301581260139,19.334106395959694,0.0,0
252,0.6416170457260499,0.125238004774935,276,6,270,0,0.6416170457260499,12.335224567520953,0.0,0
253,0.6406923025486544,0.10330365066017423,98,6,92,0,0.6406923025486544,7.5125197184611165,0.0,0
254,0.6397452209013221,0.09049935761731172,276,6,270,0,0.6397452209013221,13.954655563254688,0.0,0
255,0.6388230365065799,0.0824174854931408,276,6,270,0,0.6388230365065799,11.71902362432063,0.0,0
256,0.6379543527688923,0.08191656736501803,96,6,90,0,0.6379543527688923,6.324412755308537,0.0,0
257,0.6371289203568367,0.10943717493311218,276,6,270,0,0.6371289203568367,10.00163138255756,0.0,0
258,0.6365997141043198,0.09790510225339212,276,6,270,0,0.6365997141043198,10.861736536311609,0.0,0
259,0.6360573906045708,0.09758247003549396,101,6,95,0,0.6360573906045708,6.493438183289639,0.0,0
260,0.6355064886747936,0.1046320607420057,96,6,90,0,0.6355064886747936,6.129149419520941,0.0,0
261,0.6349570814378007,0.08425091070703407,276,6,270,0,0.6349570814378007,11.139495401060904,0.0,0
262,0.6343962470834631,0.11577466428549825,276,6,270,0,0.6343962470834631,9.659687246630982,0.0,0
263,0.6338428287069207,0.09813762827357952,276,6,270,0,0.6338428287069207,13.35349715846289,0.0,0
264,0.6036812609280093,0.08425644193502034,102,6,96,0,0.6036812609280093,6.275580893510423,0.0,0
265,0.605831549353833,0.08926456398805793,98,6,92,0,0.605831549353833,7.103978725329385,0.0,0
266,0.607978225449953,0.07954326342197432,276,6,270,0,0.607978225449953,10.59367814039625,0.0,0
267,0.5973367737038237,0.11460030012660556,90,6,84,0,0.5973367737038237,5.9479952819085415,0.0,0
268,0.599286568228984,0.11117593085636264,276,6,270,0,0.599286568228984,13.608309459118722,0.0,0
269,0.6013247657533952,0.08848540777084875,102,6,96,0,0.6013247657533952,6.261886229265174,0.0,0
270,0.6034300788987667,0.0817497468681312,102,6,96,0,0.6034300788987667,6.091202955254078,0.0,0
271,0.6055618568420726,0.08820310158088156,276,6,270,0,0.6055618568420726,11.573140067407738,0.0,0
272,0.5957349384335807,0.10174513050773437,276,6,270,0,0.5957349384335807,10.200589276492638,0.0,0
273,0.5977141330560864,0.12394179191951658,102,6,96,0,0.5977141330560864,6.077186090042457,0.0,0
274,0.5997480047412758,0.10207930273389902,276,6,270,0,0.5997480047412758,10.242086511389779,0.0,0
275,0.5929360765939824,0.09179287960771287,101,6,95,0,0.5929360765939824,6.1662004297718624,0.0,0
276,0.5946590355175357,0.08766328386134571,90,6,84,0,0.5946590355175357,5.812638812056876,0.0,0
277,0.5965051170263145,0.08519198450570305,96,6,90,0,0.5965051170263145,5.858959478368365,0.0,0
278,0.5984400182987647,0.08554909477877144,101,6,95,0,0.5984400182987647,6.120186061865496,0.0,0
279,0.6004787414612692,0.09146631786636278,102,6,96,0,0.6004787414612692,6.081349178203298,0.0,0
280,0.6025611923128773,0.11441719993624998,276,6,270,0,0.6025611923128773,13.54509239595823,0.0,0
281,0.6046770667323481,0.10020325172181223,102,6,96,0,0.6046770667323481,6.499024462332969,0.0,0
282,0.6067853882263728,0.0922246545041893,102,6,96,0,0.6067853882263728,6.386969772593223,0.0,0
283,0.609030670737693,0.08490755732114218,98,6,92,0,0.609030670737693,6.84221039126212,0.0,0
284,0.6110800565172676,0.07930415877037578,90,6,84,0,0.6110800565172676,5.9036170449701375,0.0,0
285,0.5651325336036735,0.08672216772169307,276,5,271,0,0.5651325336036735,14.669649339474583,0.0,0
286,0.5646915496594883,0.10720450483748446,276,5,271,0,0.5646915496594883,15.535446969867872,0.0,0
287,0.6119034707969739,0.11359583975540267,90,6,84,0,0.6119034707969739,5.76737423708551,0.0,0
288,0.4855040200348153,0.09244104526073173,276,4,272,0,0.4855040200348153,22.519047525399674,0.0,0
289,0.6127424470489343,0.08412046365366124,101,6,95,0,0.6127424470489343,6.0265553181256175,0.0,0
290,0.6140666055470093,0.08632620141565145,91,6,85,0,0.6140666055470093,5.763640988892339,0.0,0
291,0.6152157124616435,0.08534783502851707,276,6,270,0,0.6152157124616435,12.89367854681672,0.0,0
292,0.6161930615995987,0.10236571243275767,276,6,270,0,0.6161930615995987,10.105009538583733,0.0,0
293,0.6169771868793716,0.09508333987026822,102,6,96,0,0.6169771868793716,5.867541531442118,0.0,0
294,0.560450863302984,0.08837747633241225,276,5,271,0,0.560450863302984,14.695736345957387,0.0,0
295,0.6169535526900936,0.08066911904348267,90,6,84,0,0.6169535526900936,5.602954335803639,0.0,0
296,0.6173847670757928,0.0787119907783527,102,6,96,0,0.6173847670757928,5.833811578198868,0.0,0
297,0.5588935638597425,0.09532243356216645,276,5,271,0,0.5588935638597425,13.444410240290274,0.0,0
298,0.6167919210739539,0.09135998878628016,276,6,270,0,0.6167919210739539,13.090750185876935,0.0,0
299,0.6165646129278107,0.07743851338391719,276,6,270,0,0.6165646129278107,12.4608991491452,0.0,0
300,0.6162858775132319,0.07808550600619878,102,6,96,0,0.6162858775132319,6.105529013529047,0.0,0
301,0.5567644546648765,0.08589266931665117,276,5,271,0,0.5567644546648765,12.873786670658102,0.0,0
302,0.6154380473759988,0.10001132969299088,276,6,270,0,0.6154380473759988,10.748925543348951,0.0,0
303,0.6151178220963341,0.08546970534900372,88,6,82,0,0.6151178220963341,5.522925380107654,0.0,0
304,0.6149931693782809,0.07959998189946826,98,6,92,0,0.6149931693782809,6.562074498965211,0.0,0
305,0.5549482439201655,0.07388924284959617,276,5,271,0,0.5549482439201655,14.456897045758504,0.0,0
306,0.562735313584227,0.07596805680315105,98,6,92,0,0.562735313584227,6.4947137633220775,0.0,0
307,0.5647179572500025,0.09716542121832786,276,6,270,0,0.5647179572500025,12.418452028523433,0.0,0
308,0.5668650211119322,0.0885947625060658,91,6,85,0,0.5668650211119322,5.804195167539689,0.0,0
309,0.5692452178924154,0.07755116963138182,276,6,270,0,0.5692452178924154,11.931851398235192,0.0,0
310,0.5717167668615877,0.07654440906512869,91,6,85,0,0.5717167668615877,5.789109213633088,0.0,0
311,0.5743550845829823,0.08119173599954914,102,6,96,0,0.5743550845829823,5.998245207373589,0.0,0
312,0.5770128763216142,0.07924763718619943,88,6,82,0,0.5770128763216142,5.483344708629216,0.0,0
313,0.5196144151153115,0.09796115405101707,276,5,271,0,0.5196144151153115,11.39921154140058,0.0,0
314,0.5822012158944251,0.09980693444901821,102,6,96,0,0.5822012158944251,5.863738376982535,0.0,0
315,0.5847799044121796,0.0857525729008165,102,6,96,0,0.5847799044121796,5.872035176362715,0.0,0
316,0.5271658694499047,0.08156536844815465,276,5,271,0,0.5271658694499047,13.274635127720401,0.0,0
317,0.5293979237024808,0.0772688441194486,276,5,271,0,0.5293979237024808,25.162196798473886,0.0,0
318,0.5891207620328305,0.06817945217092831,90,6,84,0,0.5891207620328305,5.499272590061452,0.0,0
319,0.5891139277688374,0.09325928376832356,96,6,90,0,0.5891139277688374,5.568259730916234,0.0,0
320,0.5893273392419224,0.11116470447650142,102,6,96,0,0.5893273392419224,5.692674201925677,0.0,0
321,0.5896760013737207,0.09804183642633936,88,6,82,0,0.5896760013737207,5.342423162417979,0.0,0
322,0.5900585202984979,0.08592692605323261,90,6,84,0,0.5900585202984979,5.4947532296403505,0.0,0
323,0.5381162929014649,0.08197120203218167,276,5,271,0,0.5381162929014649,11.807990657907409,0.0,0
324,0.5889037874319621,0.07386362022823757,90,6,84,0,0.5889037874319621,5.4379486448476335,0.0,0
325,0.5392570865749449,0.07714318520510974,276,5,208,63,0.5392570865749449,12.701912825254315,0.0,0
326,0.588262224125506,0.10789960514133175,96,6,90,0,0.588262224125506,5.50015622349166,0.0,0
327,0.5875345100574385,0.11818607144131518,101,6,95,0,0.5875345100574385,5.756708790001961,0.0,0
328,0.5398733738161285,0.08968309578958197,276,5,241,30,0.5398733738161285,13.050615538784534,0.0,0
329,0.5870029695071936,0.08247685707781625,276,6,270,0,0.5870029695071936,11.305456487357999,0.0,0
330,0.5865904400554618,0.07873424494659507,91,6,85,0,0.5865904400554618,5.642431100900665,0.0,0
331,0.5863221287905163,0.07685713469982147,96,6,90,0,0.5863221287905163,5.592372047405971,0.0,0
332,0.5861630852965743,0.0806317795491354,88,6,82,0,0.5861630852965743,5.346460209795416,0.0,0
333,0.5860552926282734,0.12059711820476658,91,6,85,0,0.5860552926282734,5.600136573717313,0.0,0
334,0.5387235270650935,0.09818066015461649,276,5,271,0,0.5387235270650935,12.824103498312533,0.0,0
335,0.5855605742550829,0.08805167025858814,101,6,95,0,0.5855605742550829,5.765580634933116,0.0,0
336,0.5855239567311838,0.07925951063794934,276,6,270,0,0.5855239567311838,10.623813727176179,0.0,0
337,0.5855095280275093,0.07409996419058491,96,6,90,0,0.5855095280275093,5.478356124999667,0.0,0
338,0.585708029383124,0.07469987048178303,98,6,92,0,0.585708029383124,6.161875819757508,0.0,0
339,0.5858775530493149,0.10236697356500056,276,6,270,0,0.5858775530493149,12.42495999122984,0.0,0
340,0.5859759401936878,0.09438317817646069,91,6,85,0,0.5859759401936878,5.6065616170918195,0.0,0
341,0.5862289966201161,0.08452943925732288,276,6,270,0,0.5862289966201161,10.87534331663661,0.0,0
342,0.5864326226313658,0.07701911171898246,88,6,82,0,0.5864326226313658,5.3373370435835295,0.0,0
343,0.5865506161135385,0.0795806078447236,90,6,84,0,0.5865506161135385,5.469599341444648,0.0,0
344,0.5355907440018531,0.07674835966495068,276,5,271,0,0.5355907440018531,12.925151926433346,0.0,0
345,0.5861200400969705,0.10944153043893304,101,6,95,0,0.5861200400969705,5.725408886715385,0.0,0
346,0.586094414116716,0.09182049903640713,276,6,270,0,0.586094414116716,11.614841821935409,0.0,0
347,0.534382718038311,0.07752505657465561,276,5,271,0,0.534382718038311,12.102568144978726,0.0,0
348,0.45034114457103946,0.07369662861785163,276,4,272,0,0.45034114457103946,21.68586726381552,0.0,0
349,0.5333183365292469,0.10400374554961488,276,5,271,0,0.5333183365292469,13.390736031280202,0.0,0
350,0.5844808949472954,0.09008844379259616,98,6,92,0,0.5844808949472954,6.219421906269379,0.0,0
351,0.5843593067263364,0.0760880697356618,276,6,270,0,0.5843593067263364,10.663810727635806,0.0,0
352,0.584067550134829,0.07466717850011174,101,6,95,0,0.584067550134829,5.771154592915688,0.0,0
353,0.5318476600707358,0.06977969680683337,276,5,271,0,0.5318476600707358,11.257179952123888,0.0,0
354,0.5314033930727288,0.10194242084263891,276,5,267,4,0.5314033930727288,16.705740715577342,0.0,0
355,0.5827895514806861,0.08883404424961876,102,6,96,0,0.5827895514806861,5.656054135933825,0.0,0
356,0.5304836301756498,0.07699720140384592,276,5,271,0,0.5304836301756498,10.163576766955401,0.0,0
357,0.529973024452911,0.07021743234624897,276,5,230,41,0.529973024452911,11.221460743452333,0.0,0
358,0.581205105675612,0.06880357419140637,96,6,90,0,0.581205105675612,5.351086839714837,0.0,0
359,0.5805924026467237,0.10601019296287136,88,6,82,0,0.5805924026467237,5.122551773042767,0.0,0
360,0.579891394860636,0.09301506025208668,88,6,82,0,0.579891394860636,5.123079895085142,0.0,0
361,0.5791187550412058,0.08533587837868398,101,6,95,0,0.5791187550412058,5.57697153175647,0.0,0
362,0.5272041868719977,0.07534922047963609,276,5,271,0,0.5272041868719977,13.596880729560803,0.0,0
363,0.5776348934120934,0.07414957811124623,96,6,90,0,0.5776348934120934,5.196305547822859,0.0,0
364,0.5770372924014343,0.06948527625324774,98,6,92,0,0.5770372924014343,5.966669175911792,0.0,0
365,0.5763728212345004,0.07030758630521226,101,6,95,0,0.5763728212345004,5.421951048954109,0.0,0
366,0.5250775795135629,0.09250941825355741,276,5,271,0,0.5250775795135629,10.621341210134071,0.0,0
367,0.5750761386772368,0.10682949001590411,90,6,84,0,0.5750761386772368,5.141792881134702,0.0,0
368,0.5238781515492159,0.0847898418272751,276,5,271,0,0.5238781515492159,10.687583728499455,0.0,0
369,0.5736629215313529,0.07449466915856494,101,6,95,0,0.5736629215313529,5.377334796804437,0.0,0
370,0.5226278203580349,0.07352381433103827,276,5,271,0,0.5226278203580349,10.560920827557055,0.0,0
371,0.5722938396345215,0.0688409272435249,102,6,96,0,0.5722938396345215,5.385011565394401,0.0,0
372,0.5715370792710686,0.10329058000838363,91,6,85,0,0.5715370792710686,5.208256070414386,0.0,0
373,0.5708686392130768,0.10479834354391285,102,6,96,0,0.5708686392130768,5.396462175546852,0.0,0
374,0.5701827490715042,0.09053979915651408,88,6,82,0,0.5701827490715042,4.995506907011956,0.0,0
375,0.569459661792433,0.08611079992519485,90,6,84,0,0.569459661792433,5.153008375038175,0.0,0
376,0.518675730826393,0.07367244639528403,276,5,271,0,0.518675730826393,12.883336862728624,0.0,0
377,0.5181075543169592,0.07135834675822136,276,5,271,0,0.5181075543169592,15.648113527282296,0.0,0
378,0.5134870115747147,0.07403751971044888,96,6,90,0,0.5134870115747147,5.145763653607028,0.0,0
379,0.5148863748314887,0.10435075006292512,96,6,90,0,0.5148863748314887,5.152606537357675,0.0,0
380,0.5165264346190882,0.08963364273817702,88,6,82,0,0.5165264346190882,4.973399682812638,0.0,0
381,0.5184341089709836,0.0910237677056681,88,6,82,0,0.5184341089709836,4.983537050136375,0.0,0
382,0.5205833881888988,0.08447621754285964,88,6,82,0,0.5205833881888988,4.991745773809045,0.0,0
383,0.47538542835543457,0.07190000924511232,276,5,271,0,0.47538542835543457,11.562119557035135,0.0,0
384,0.5253899538913166,0.0649174960245463,88,6,82,0,0.5253899538913166,4.869013767999723,0.0,0
385,0.43267511966192584,0.06685152042495168,276,4,272,0,0.43267511966192584,16.560473491273722,0.0,0
386,0.4799637780712976,0.08947783708572388,276,5,267,4,0.4799637780712976,8.723851434881757,0.0,0
387,0.5298508807055594,0.07323643601700372,102,6,96,0,0.5298508807055594,5.3039145209654,0.0,0
388,0.48484610095991926,0.07041910927796709,276,5,246,25,0.48484610095991926,12.880688058550433,0.0,0
389,0.48709947495252115,0.07193455922052912,276,5,271,0,0.48709947495252115,11.27243300005768,0.0,0
390,0.536660789006654,0.07718083045768495,98,6,92,0,0.536660789006654,5.736117674222269,0.0,0
391,0.49117500280849724,0.09468217987729155,276,5,236,35,0.49117500280849724,10.388185137594078,0.0,0
392,0.49295248516140017,0.07808413492866616,276,5,271,0,0.49295248516140017,16.85623353021348,0.0,0
393,0.5347776610736957,0.07383977605236901,90,6,84,0,0.5347776610736957,4.9934218795448535,0.0,0
394,0.48878241072128986,0.07521610330466343,276,5,271,0,0.48878241072128986,12.36972567348468,0.0,0
395,0.5378601599615866,0.086577050539912,98,6,92,0,0.5378601599615866,5.714171345957207,0.0,0
396,0.5396214347399757,0.09631446277608677,98,6,92,0,0.5396214347399757,5.712580550924905,0.0,0
397,0.5413417101439694,0.09259687194770033,88,6,82,0,0.5413417101439694,4.837797332463042,0.0,0
398,0.542983679291274,0.08592508017432456,102,6,96,0,0.542983679291274,5.153387239707914,0.0,0
399,0.5444718734931405,0.0733163929959335,101,6,95,0,0.5444718734931405,5.2426356152070595,0.0,0
400,0.4975050876820519,0.07063309509523105,276,5,271,0,0.4975050876820519,14.974294438052814,0.0,0
